"Date","Price","Open","High","Low","Vol.","Change %"
"04/04/2025","18,186.81","18,441.09","18,492.54","18,166.07","86.75M","-1.26%"
"04/03/2025","18,419.37","18,495.15","18,797.48","18,314.29","227.74M","-0.35%"
"04/02/2025","18,483.32","18,499.76","18,678.13","18,323.98","180.94M","-0.22%"
"03/28/2025","18,524.21","18,265.07","18,524.21","17,891.07","198.96M","1.48%"
"03/27/2025","18,254.14","18,433.59","18,496.06","18,199.04","298.91M","0.24%"
"03/26/2025","18,209.81","18,203.09","18,439.26","18,024.61","293.81M","-0.11%"
"03/25/2025","18,229.05","18,559.92","18,830.79","17,835.60","303.83M","0.19%"
"03/24/2025","18,195.01","17,194.61","18,210.58","17,069.63","298.42M","7.04%"
"03/21/2025","16,998.09","18,022.34","18,022.34","16,612.23","256.12M","-5.53%"
"03/20/2025","17,992.76","17,376.53","18,412.95","17,376.53","309.39M","3.92%"
"03/19/2025","17,313.85","17,957.58","18,778.26","17,194.23","290.38M","-9.04%"
"03/18/2025","19,035.50","18,875.97","19,088.82","18,720.95","253.25M","0.96%"
"03/17/2025","18,855.24","18,397.57","18,873.41","18,397.57","253.97M","2.66%"
"03/14/2025","18,366.18","18,365.17","18,399.54","18,230.11","210.28M","0.56%"
"03/13/2025","18,263.64","18,146.27","18,616.25","18,022.56","269.43M","1.00%"
"03/12/2025","18,082.44","18,273.42","18,305.46","17,965.59","316.14M","-1.07%"
"03/11/2025","18,278.17","17,571.98","18,415.35","17,521.15","399.57M","3.70%"
"03/10/2025","17,625.29","17,269.53","17,751.77","17,269.22","354.83M","2.09%"
"03/07/2025","17,263.88","17,578.07","17,833.32","17,033.33","450.17M","-1.67%"
"03/06/2025","17,557.47","16,701.52","17,557.47","16,683.99","408.50M","5.77%"
"03/05/2025","16,600.00","16,122.92","16,638.77","15,963.80","390.32M","3.24%"
"03/04/2025","16,079.75","15,919.71","16,169.47","15,792.80","257.39M","0.92%"
"03/03/2025","15,932.78","15,566.39","16,086.21","15,544.56","234.64M","3.39%"
"02/28/2025","15,411.11","14,991.16","15,452.73","14,937.96","223.86M","2.89%"
"02/27/2025","14,977.67","14,488.98","14,995.46","14,424.67","200.99M","3.37%"
"02/26/2025","14,489.71","14,181.56","14,627.28","14,166.93","183.10M","3.45%"
"02/25/2025","14,006.37","14,455.47","14,491.05","13,999.47","128.52M","-2.84%"
"02/24/2025","14,415.89","14,358.27","14,532.42","14,334.84","102.04M","1.09%"
"02/21/2025","14,260.77","14,566.35","14,566.35","14,121.07","172.29M","-2.05%"
"02/20/2025","14,559.96","14,480.26","14,609.98","14,300.50","129.43M","0.73%"
"02/19/2025","14,454.55","14,507.51","14,664.00","14,424.12","172.84M","-0.55%"
"02/18/2025","14,534.48","14,265.93","14,552.28","14,243.87","179.89M","1.87%"
"02/17/2025","14,267.00","14,106.01","14,288.34","14,099.32","138.69M","1.16%"
"02/14/2025","14,103.72","14,090.17","14,205.43","13,941.58","146.25M","0.31%"
"02/13/2025","14,059.47","13,972.42","14,123.77","13,859.71","126.21M","0.80%"
"02/12/2025","13,948.07","14,431.10","14,466.22","13,948.07","150.22M","-3.18%"
"02/11/2025","14,406.05","14,383.33","14,457.84","14,329.51","112.80M","-0.06%"
"02/10/2025","14,414.72","14,903.34","14,921.05","14,377.77","127.90M","-3.18%"
"02/07/2025","14,887.65","14,816.75","14,942.79","14,749.09","115.27M","0.54%"
"02/06/2025","14,808.41","14,846.62","15,010.93","14,787.57","116.17M","0.34%"
"02/05/2025","14,758.81","15,144.24","15,146.38","14,643.17","116.20M","-2.44%"
"02/04/2025","15,127.85","15,090.77","15,279.50","15,045.58","98.07M","0.55%"
"02/03/2025","15,045.82","15,174.49","15,174.49","15,005.25","97.14M","-1.21%"
"01/31/2025","15,230.78","15,275.62","15,375.03","15,209.17","106.38M","-0.17%"
"01/30/2025","15,257.02","15,250.15","15,336.07","15,175.91","117.99M","0.09%"
"01/29/2025","15,243.01","15,451.06","15,575.70","15,243.01","127.98M","-1.22%"
"01/28/2025","15,431.08","15,121.98","15,477.48","15,011.10","151.90M","2.10%"
"01/27/2025","15,113.02","15,124.83","15,245.35","15,008.81","160.33M","-0.26%"
"01/24/2025","15,151.72","15,020.11","15,202.20","14,929.24","150.60M","0.99%"
"01/23/2025","15,002.51","14,715.47","15,011.53","14,715.47","133.53M","2.22%"
"01/22/2025","14,676.93","14,565.83","14,696.76","14,484.99","92.96M","0.97%"
"01/21/2025","14,536.46","14,794.71","14,794.71","14,505.13","118.09M","-1.75%"
"01/20/2025","14,795.79","14,660.22","14,859.24","14,627.18","165.70M","1.21%"
"01/17/2025","14,618.74","14,521.34","14,672.05","14,448.21","125.47M","1.11%"
"01/16/2025","14,458.48","14,329.97","14,503.32","14,171.10","113.71M","1.25%"
"01/15/2025","14,280.33","14,341.50","14,508.92","14,155.28","131.17M","-0.31%"
"01/14/2025","14,325.15","14,391.14","14,560.34","14,303.71","132.22M","-0.51%"
"01/13/2025","14,398.15","14,501.25","14,536.58","14,340.33","124.64M","-0.68%"
"01/10/2025","14,496.66","14,523.15","14,682.70","14,403.89","137.17M","-0.36%"
"01/09/2025","14,548.42","14,367.17","14,569.48","14,343.13","155.66M","1.49%"
"01/08/2025","14,334.14","14,479.46","14,530.77","14,334.14","162.72M","-1.12%"
"01/07/2025","14,496.93","14,316.23","14,623.76","14,282.13","187.94M","1.45%"
"01/06/2025","14,289.80","14,177.17","14,319.17","14,125.14","192.87M","1.36%"
"01/03/2025","14,097.52","13,993.15","14,161.18","13,993.15","137.33M","0.83%"
"01/02/2025","13,981.30","14,006.03","14,087.83","13,883.27","141.97M","0.28%"
"12/31/2024","13,942.58","14,039.62","14,106.40","13,889.47","152.51M","-0.69%"
"12/30/2024","14,040.15","14,052.85","14,161.32","14,025.47","152.05M","0.11%"
"12/27/2024","14,024.52","14,071.53","14,119.14","13,922.00","115.72M","-0.25%"
"12/26/2024","14,059.05","14,040.95","14,084.89","13,902.17","143.47M","0.35%"
"12/25/2024","14,010.31","13,897.21","14,010.31","13,865.19","100.26M","1.34%"
"12/24/2024","13,825.22","13,799.46","13,904.83","13,615.17","120.28M","0.30%"
"12/23/2024","13,783.24","13,685.27","13,945.10","13,644.28","176.47M","0.94%"
"12/20/2024","13,654.41","13,709.01","13,734.96","13,509.34","137.89M","-0.11%"
"12/19/2024","13,669.02","13,822.15","13,839.72","13,652.61","158.14M","-1.37%"
"12/18/2024","13,859.39","13,698.36","13,940.21","13,607.89","202.73M","1.26%"
"12/17/2024","13,686.98","13,715.36","13,780.47","13,637.67","163.33M","0.23%"
"12/16/2024","13,655.19","13,826.29","13,868.87","13,655.19","186.01M","-1.04%"
"12/13/2024","13,798.13","13,707.91","13,819.45","13,654.20","144.62M","0.75%"
"12/12/2024","13,695.10","13,702.52","13,842.68","13,671.39","162.98M","0.28%"
"12/11/2024","13,656.96","13,933.43","13,977.32","13,611.34","183.16M","-1.94%"
"12/10/2024","13,927.33","14,108.44","14,108.44","13,842.67","209.15M","-1.24%"
"12/09/2024","14,102.67","14,074.12","14,108.17","13,905.65","234.34M","0.41%"
"12/06/2024","14,044.69","14,002.42","14,093.59","13,921.50","284.17M","0.96%"
"12/05/2024","13,911.28","13,778.92","13,932.16","13,767.01","253.04M","1.18%"
"12/04/2024","13,749.40","13,734.93","13,853.50","13,675.05","285.92M","0.45%"
"12/03/2024","13,687.89","13,659.90","13,755.35","13,622.97","177.99M","0.36%"
"12/02/2024","13,639.31","13,523.30","13,664.56","13,505.53","174.76M","0.85%"
"11/29/2024","13,524.68","13,604.76","13,742.66","13,445.44","199.45M","-0.54%"
"11/28/2024","13,598.64","13,402.73","13,598.64","13,402.73","175.52M","1.69%"
"11/27/2024","13,372.69","13,353.62","13,418.92","13,307.69","164.13M","0.60%"
"11/26/2024","13,293.17","13,433.76","13,479.81","13,293.17","221.00M","-0.93%"
"11/25/2024","13,418.35","13,346.81","13,464.98","13,285.49","169.01M","1.11%"
"11/22/2024","13,270.42","13,200.91","13,344.32","13,195.49","148.64M","0.49%"
"11/21/2024","13,205.13","12,901.55","13,231.19","12,806.06","142.91M","2.34%"
"11/20/2024","12,902.70","13,215.50","13,252.03","12,863.06","125.75M","-2.50%"
"11/19/2024","13,234.12","13,312.27","13,355.10","13,142.35","162.60M","-0.46%"
"11/18/2024","13,295.48","13,365.41","13,401.39","13,224.48","167.27M","-0.33%"
"11/15/2024","13,339.73","13,411.45","13,534.95","13,317.67","246.95M","-0.11%"
"11/14/2024","13,354.76","13,329.86","13,446.40","13,281.21","170.61M","0.62%"
"11/13/2024","13,272.12","13,116.94","13,353.69","13,050.34","205.04M","1.15%"
"11/12/2024","13,121.29","13,231.54","13,279.52","13,107.15","210.52M","-1.43%"
"11/11/2024","13,311.93","13,114.51","13,311.93","13,101.78","221.32M","1.69%"
"11/08/2024","13,090.86","12,898.52","13,155.57","12,897.75","289.02M","1.41%"
"11/07/2024","12,908.63","12,786.50","12,908.63","12,736.45","441.08M","1.26%"
"11/06/2024","12,748.54","12,901.76","12,964.55","12,659.09","270.37M","-1.01%"
"11/05/2024","12,878.94","12,946.54","13,095.48","12,757.44","178.98M","0.17%"
"11/04/2024","12,857.56","13,218.37","13,263.71","12,795.16","210.17M","-2.26%"
"11/01/2024","13,154.35","12,793.90","13,194.46","12,793.90","197.99M","3.18%"
"10/31/2024","12,748.41","12,755.04","12,901.93","12,681.37","158.01M","-0.31%"
"10/30/2024","12,788.20","12,510.41","12,859.61","12,510.41","176.40M","2.46%"
"10/28/2024","12,481.45","12,469.75","12,575.60","12,469.75","67.05M","0.04%"
"10/25/2024","12,476.38","12,416.42","12,514.75","12,321.69","131.88M","0.14%"
"10/24/2024","12,459.14","12,306.75","12,513.02","12,306.75","183.35M","1.14%"
"10/23/2024","12,318.63","12,152.02","12,389.53","12,004.50","170.89M","1.44%"
"10/22/2024","12,143.46","11,988.05","12,160.50","11,897.55","141.76M","1.57%"
"10/21/2024","11,955.65","12,196.48","12,266.71","11,923.21","119.11M","-1.98%"
"10/18/2024","12,196.96","12,302.70","12,468.12","12,143.51","124.72M","0.09%"
"10/17/2024","12,186.55","11,976.14","12,250.16","11,963.08","140.14M","1.60%"
"10/16/2024","11,994.71","11,941.34","12,015.66","11,807.27","153.74M","1.32%"
"10/15/2024","11,838.97","11,600.81","11,906.95","11,600.81","155.26M","2.20%"
"10/14/2024","11,583.61","11,779.17","11,945.73","11,535.72","147.23M","-1.62%"
"10/11/2024","11,774.76","11,997.12","12,030.92","11,699.68","111.43M","-1.64%"
"10/10/2024","11,970.63","12,268.42","12,335.07","11,955.07","101.89M","-2.38%"
"10/09/2024","12,262.49","12,194.54","12,262.49","12,061.54","119.01M","0.47%"
"10/08/2024","12,205.28","12,323.83","12,365.16","12,128.22","89.27M","-1.00%"
"10/07/2024","12,328.23","12,584.84","12,584.84","12,268.30","110.45M","-1.53%"
"10/04/2024","12,520.09","12,158.59","12,544.20","12,007.61","125.75M","2.88%"
"10/03/2024","12,169.39","11,971.49","12,325.07","11,942.81","145.14M","1.96%"
"10/02/2024","11,935.16","12,198.98","12,405.21","11,935.16","170.62M","-2.27%"
"10/01/2024","12,212.10","12,601.06","12,605.33","12,021.41","164.37M","-3.15%"
"09/30/2024","12,608.94","12,706.47","12,774.70","12,602.94","103.04M","-0.95%"
"09/27/2024","12,729.62","12,774.14","12,789.23","12,621.20","112.52M","-0.08%"
"09/26/2024","12,740.17","13,011.32","13,042.25","12,694.76","140.52M","-1.81%"
"09/25/2024","12,974.43","13,203.01","13,264.41","12,974.43","145.49M","-1.87%"
"09/24/2024","13,222.31","12,952.15","13,358.03","12,911.55","203.21M","2.30%"
"09/23/2024","12,925.51","13,042.43","13,154.40","12,915.49","146.25M","-0.21%"
"09/20/2024","12,952.71","12,999.77","13,010.79","12,866.46","121.90M","-0.15%"
"09/19/2024","12,972.25","12,832.23","12,989.85","12,775.06","174.08M","1.99%"
"09/18/2024","12,719.75","12,849.34","12,884.50","12,719.75","103.63M","-0.97%"
"09/17/2024","12,844.17","12,862.33","12,911.91","12,827.12","106.65M","0.32%"
"09/16/2024","12,802.98","12,966.69","13,033.11","12,775.39","104.98M","-0.96%"
"09/13/2024","12,927.46","12,564.44","12,930.11","12,497.46","118.93M","3.16%"
"09/12/2024","12,531.05","12,633.53","12,671.76","12,249.31","139.68M","0.00%"
"09/11/2024","12,530.45","12,929.39","12,929.39","12,505.22","185.25M","-2.75%"
"09/10/2024","12,884.44","12,956.27","13,082.06","12,850.32","180.98M","-0.21%"
"09/09/2024","12,911.46","12,993.69","13,080.84","12,911.46","121.72M","-0.35%"
"09/06/2024","12,957.42","13,073.69","13,139.56","12,955.81","119.26M","-0.85%"
"09/05/2024","13,068.28","13,006.87","13,137.23","12,956.84","130.81M","0.89%"
"09/04/2024","12,953.51","13,065.76","13,113.68","12,850.61","156.22M","-1.92%"
"09/03/2024","13,207.09","13,449.80","13,517.96","13,207.09","186.76M","-1.75%"
"09/02/2024","13,441.72","13,188.85","13,441.72","13,188.85","168.74M","1.97%"
"08/29/2024","13,181.67","12,959.20","13,190.02","12,825.60","144.33M","1.76%"
"08/28/2024","12,953.95","12,857.98","13,024.23","12,807.09","126.13M","0.55%"
"08/27/2024","12,882.82","12,616.36","12,896.67","12,551.02","137.76M","2.12%"
"08/26/2024","12,615.66","12,952.96","12,996.24","12,609.24","132.90M","-1.83%"
"08/23/2024","12,850.99","13,124.72","13,136.43","12,807.73","134.84M","-2.10%"
"08/22/2024","13,126.81","13,270.98","13,324.30","13,072.71","137.68M","-0.59%"
"08/21/2024","13,204.66","13,407.32","13,514.66","13,182.55","135.21M","-1.74%"
"08/20/2024","13,439.06","13,653.97","13,744.11","13,439.06","122.15M","-1.90%"
"08/19/2024","13,699.34","13,554.29","13,701.34","13,451.61","128.27M","1.60%"
"08/16/2024","13,483.86","13,765.84","13,810.61","13,483.86","132.40M","-1.81%"
"08/15/2024","13,732.85","13,564.04","13,754.60","13,344.59","174.14M","1.51%"
"08/14/2024","13,528.60","13,678.69","13,722.49","13,482.15","221.54M","-0.44%"
"08/13/2024","13,588.21","13,389.46","13,588.21","13,384.65","170.93M","1.79%"
"08/12/2024","13,349.83","13,610.43","13,735.49","13,308.23","151.31M","-1.48%"
"08/09/2024","13,550.15","13,974.31","13,994.91","13,493.63","172.41M","-2.40%"
"08/08/2024","13,882.73","13,765.38","13,977.69","13,709.52","205.68M","0.50%"
"08/07/2024","13,813.37","13,691.94","13,880.31","13,563.02","218.32M","1.80%"
"08/06/2024","13,568.85","13,731.02","13,898.03","13,433.35","253.06M","1.51%"
"08/05/2024","13,366.44","13,545.52","13,838.27","13,168.10","204.83M","-7.04%"
"08/02/2024","14,378.60","14,799.61","14,929.05","14,282.77","220.72M","-3.98%"
"08/01/2024","14,974.30","14,890.57","15,134.27","14,890.57","267.55M","1.38%"
"07/31/2024","14,770.61","14,923.19","14,925.46","14,682.82","294.95M","-0.82%"
"07/30/2024","14,893.10","14,674.05","15,018.03","14,674.05","234.18M","1.88%"
"07/29/2024","14,618.00","14,864.36","14,936.19","14,618.00","295.47M","-1.18%"
"07/26/2024","14,792.27","14,747.41","14,943.53","14,724.80","250.36M","0.54%"
"07/25/2024","14,712.39","14,603.15","14,728.84","14,536.19","238.54M","0.59%"
"07/24/2024","14,626.29","14,794.69","14,889.28","14,620.04","252.04M","-0.80%"
"07/23/2024","14,744.48","14,374.10","14,799.87","14,328.41","298.83M","2.81%"
"07/22/2024","14,341.32","14,309.15","14,516.78","14,286.88","167.47M","0.73%"
"07/19/2024","14,237.31","14,383.52","14,383.52","14,214.30","160.58M","-0.96%"
"07/18/2024","14,375.90","14,289.15","14,507.18","14,289.15","230.08M","1.15%"
"07/17/2024","14,212.10","14,113.44","14,304.15","13,988.26","209.35M","0.78%"
"07/16/2024","14,101.89","14,218.33","14,289.78","14,078.51","163.53M","-0.49%"
"07/12/2024","14,171.09","14,166.13","14,313.50","14,092.64","209.98M","0.16%"
"07/11/2024","14,148.71","14,180.36","14,251.32","14,080.01","132.82M","0.37%"
"07/10/2024","14,097.20","14,300.55","14,300.55","14,044.54","183.06M","-1.22%"
"07/09/2024","14,270.99","13,959.74","14,302.14","13,951.35","250.47M","2.24%"
"07/08/2024","13,958.80","13,708.18","14,044.64","13,653.44","190.46M","2.14%"
"07/05/2024","13,665.97","13,746.71","13,802.62","13,599.61","137.11M","-0.50%"
"07/04/2024","13,735.13","13,775.50","13,806.11","13,646.27","138.46M","1.36%"
"07/03/2024","13,550.97","13,523.71","13,619.83","13,379.09","133.54M","0.78%"
"07/02/2024","13,445.95","13,265.32","13,445.95","13,069.31","118.83M","1.55%"
"07/01/2024","13,241.36","13,808.14","13,882.45","13,081.41","168.51M","-3.72%"
"06/28/2024","13,752.68","13,962.35","14,035.32","13,703.21","175.06M","-1.26%"
"06/27/2024","13,928.23","13,593.95","14,009.87","13,593.95","153.07M","2.53%"
"06/26/2024","13,584.12","13,824.34","13,881.36","13,564.18","131.80M","-1.77%"
"06/25/2024","13,828.32","14,157.05","14,245.81","13,828.32","154.07M","-2.41%"
"06/24/2024","14,169.20","14,163.19","14,260.97","14,032.36","208.11M","-0.82%"
"06/21/2024","14,285.96","14,091.45","14,285.96","14,040.62","162.19M","1.44%"
"06/20/2024","14,083.58","13,815.41","14,083.58","13,815.41","132.77M","2.94%"
"06/14/2024","13,681.19","13,718.17","13,731.42","13,567.43","159.67M","0.54%"
"06/13/2024","13,607.83","13,327.05","13,621.98","13,324.19","140.94M","3.44%"
"06/12/2024","13,154.99","13,063.12","13,237.78","12,977.93","176.75M","0.39%"
"06/11/2024","13,104.25","13,409.05","13,441.76","13,086.29","180.01M","-1.68%"
"06/10/2024","13,327.73","13,729.66","13,729.66","13,317.92","143.03M","-2.48%"
"06/07/2024","13,665.98","14,036.04","14,043.11","13,544.49","224.22M","-1.35%"
"06/06/2024","13,853.52","13,530.23","13,922.55","13,521.67","227.06M","3.03%"
"06/05/2024","13,446.01","13,521.47","13,521.47","13,316.57","242.54M","0.76%"
"06/04/2024","13,344.19","13,443.86","13,582.03","13,338.68","142.12M","-0.65%"
"06/03/2024","13,431.89","13,391.89","13,446.62","13,207.79","160.32M","0.81%"
"05/31/2024","13,324.45","13,537.99","13,666.28","13,275.10","176.39M","-1.09%"
"05/30/2024","13,471.08","13,189.92","13,471.90","13,189.92","196.89M","3.10%"
"05/29/2024","13,065.65","13,565.14","13,655.71","13,065.65","272.63M","-3.51%"
"05/28/2024","13,541.05","13,759.85","13,798.91","13,535.14","135.09M","-1.11%"
"05/27/2024","13,692.82","13,894.68","13,918.82","13,623.56","152.46M","-1.04%"
"05/24/2024","13,836.10","14,102.36","14,181.36","13,829.33","139.43M","-1.66%"
"05/23/2024","14,070.14","14,298.95","14,372.54","14,070.14","183.30M","-1.30%"
"05/22/2024","14,256.04","14,175.88","14,371.23","14,175.88","221.68M","1.37%"
"05/21/2024","14,063.76","14,243.54","14,414.44","14,063.76","291.41M","-0.73%"
"05/20/2024","14,167.22","14,327.23","14,374.21","14,167.22","171.57M","-0.39%"
"05/17/2024","14,223.08","14,211.92","14,379.72","14,183.35","241.74M","0.81%"
"05/16/2024","14,108.36","13,795.26","14,108.36","13,790.03","174.79M","2.62%"
"05/15/2024","13,747.90","13,677.11","13,895.88","13,661.82","158.73M","0.71%"
"05/14/2024","13,651.18","13,873.73","13,972.33","13,642.38","165.66M","-2.08%"
"05/13/2024","13,940.61","14,409.87","14,417.72","13,940.61","146.90M","-3.52%"
"05/10/2024","14,448.59","14,560.98","14,624.93","14,422.84","172.35M","-1.08%"
"05/09/2024","14,605.71","14,709.74","14,780.16","14,550.35","183.94M","-0.33%"
"05/08/2024","14,653.53","14,773.55","14,808.29","14,584.20","182.77M","-0.51%"
"05/07/2024","14,728.96","14,860.04","14,915.93","14,539.19","196.42M","-0.31%"
"05/06/2024","14,774.56","14,648.27","14,828.83","14,561.90","179.54M","1.20%"
"05/03/2024","14,599.94","14,560.12","14,741.78","14,456.44","163.50M","0.37%"
"05/02/2024","14,546.04","14,380.19","14,546.04","14,380.19","166.22M","1.55%"
"04/30/2024","14,324.14","14,527.99","14,597.79","14,299.43","155.70M","-1.83%"
"04/29/2024","14,591.62","14,444.40","14,591.62","14,184.17","185.77M","1.61%"
"04/26/2024","14,360.72","14,275.41","14,432.94","14,184.39","191.86M","0.94%"
"04/25/2024","14,227.52","14,458.33","14,540.42","14,185.84","194.96M","-1.28%"
"04/24/2024","14,412.64","14,509.12","14,601.20","14,308.12","271.17M","-0.22%"
"04/22/2024","14,444.03","14,316.86","14,661.60","14,316.86","196.90M","1.86%"
"04/19/2024","14,180.90","13,893.73","14,219.74","13,874.62","177.72M","1.82%"
"04/18/2024","13,927.19","14,068.64","14,132.03","13,845.79","146.13M","-0.62%"
"04/17/2024","14,013.74","14,127.37","14,276.92","13,917.95","152.64M","-0.40%"
"04/16/2024","14,069.37","14,307.60","14,309.30","13,961.07","165.97M","-1.93%"
"04/15/2024","14,346.97","14,353.02","14,669.33","14,255.18","235.27M","0.26%"
"04/09/2024","14,309.11","14,372.76","14,388.61","14,132.59","94.89M","0.19%"
"04/08/2024","14,281.75","13,861.85","14,293.76","13,822.57","191.09M","3.71%"
"04/05/2024","13,770.71","13,102.87","13,778.42","13,102.87","211.84M","5.48%"
"04/04/2024","13,054.71","13,165.21","13,357.22","12,955.94","264.28M","0.03%"
"04/03/2024","13,050.30","13,088.88","13,245.82","12,968.91","171.31M","-0.38%"
"04/02/2024","13,099.99","13,548.55","13,713.18","13,014.12","162.11M","-2.88%"
"04/01/2024","13,488.67","13,865.85","13,936.49","13,246.01","157.69M","-2.71%"
"03/29/2024","13,864.65","13,657.58","13,881.53","13,616.37","192.40M","3.17%"
"03/28/2024","13,439.19","13,625.59","13,721.23","13,433.82","172.28M","-1.08%"
"03/27/2024","13,586.47","13,554.16","13,797.92","13,281.25","193.04M","1.86%"
"03/26/2024","13,338.20","13,917.87","13,984.36","13,270.46","175.92M","-3.77%"
"03/25/2024","13,860.97","14,332.19","14,384.93","13,856.65","211.06M","-2.94%"
"03/22/2024","14,281.27","14,537.60","14,677.92","14,226.74","211.38M","-1.62%"
"03/21/2024","14,517.12","14,637.01","14,801.76","14,501.26","270.37M","-0.04%"
"03/20/2024","14,522.34","14,511.60","14,714.80","14,481.64","257.23M","0.48%"
"03/19/2024","14,452.74","13,929.83","14,570.02","13,898.55","263.53M","3.58%"
"03/18/2024","13,953.33","14,607.92","14,607.92","13,886.35","187.94M","-4.45%"
"03/15/2024","14,603.85","14,599.19","14,825.59","14,479.98","274.13M","-0.31%"
"03/14/2024","14,648.73","14,673.38","14,846.09","14,455.31","231.75M","0.11%"
"03/13/2024","14,632.63","14,737.31","14,907.90","14,403.31","272.23M","-0.63%"
"03/12/2024","14,724.90","15,003.60","15,094.11","14,480.40","274.64M","-2.25%"
"03/11/2024","15,064.49","15,741.59","15,844.56","15,052.28","270.11M","-2.42%"
"03/08/2024","15,438.34","15,455.33","15,758.34","15,203.50","351.72M","1.13%"
"03/07/2024","15,266.48","14,513.36","15,266.48","14,513.36","305.08M","5.05%"
"03/06/2024","14,533.05","15,344.24","15,344.24","14,520.33","405.40M","-4.82%"
"03/05/2024","15,268.58","15,717.04","15,829.89","15,192.62","369.39M","-2.57%"
"03/04/2024","15,671.54","16,105.69","16,186.49","15,635.17","370.52M","-2.29%"
"03/01/2024","16,039.19","16,168.51","16,274.69","16,021.82","376.24M","0.27%"
"02/29/2024","15,996.57","15,699.37","16,072.04","15,699.37","452.95M","1.48%"
"02/28/2024","15,763.80","16,610.51","16,751.83","15,763.80","452.84M","-4.77%"
"02/27/2024","16,554.02","16,903.69","17,031.65","16,548.91","513.28M","-0.77%"
"02/26/2024","16,682.20","16,073.21","16,839.77","16,073.21","462.62M","4.89%"
"02/23/2024","15,904.73","15,729.02","15,959.82","15,519.76","430.51M","1.68%"
"02/22/2024","15,642.17","15,245.36","15,692.49","15,245.36","495.62M","3.45%"
"02/21/2024","15,119.84","14,753.12","15,211.89","14,676.30","485.78M","3.24%"
"02/20/2024","14,644.77","14,356.55","14,677.03","14,242.63","316.36M","2.82%"
"02/19/2024","14,242.66","14,192.97","14,483.82","14,154.92","400.20M","1.01%"
"02/16/2024","14,099.69","13,959.86","14,268.96","13,796.52","401.71M","1.59%"
"02/15/2024","13,878.78","13,793.50","14,052.55","13,793.50","363.71M","1.43%"
"02/14/2024","13,683.50","13,505.20","13,683.50","13,220.89","356.89M","1.68%"
"02/13/2024","13,457.45","13,618.52","13,756.28","13,451.29","453.31M","-0.14%"
"02/12/2024","13,476.08","13,300.08","13,517.47","13,300.08","367.01M","3.21%"
"02/09/2024","13,056.45","12,840.43","13,135.32","12,710.94","368.77M","2.31%"
"02/08/2024","12,761.43","12,715.64","12,824.93","12,662.88","417.00M","0.54%"
"02/07/2024","12,692.62","12,923.02","13,040.68","12,692.62","414.38M","-0.38%"
"02/06/2024","12,741.47","12,488.75","12,766.46","12,406.83","304.82M","3.34%"
"02/05/2024","12,329.34","11,957.77","12,349.39","11,957.77","250.94M","3.55%"
"02/02/2024","11,906.72","11,917.22","11,993.09","11,830.70","355.76M","0.40%"
"02/01/2024","11,859.03","11,760.66","11,919.81","11,760.66","285.61M","1.31%"
"01/31/2024","11,705.90","11,653.39","11,804.95","11,583.08","308.40M","0.69%"
"01/30/2024","11,626.15","11,618.93","11,678.26","11,509.41","321.72M","0.83%"
"01/29/2024","11,530.49","11,258.77","11,545.13","11,245.37","334.26M","3.85%"
"01/26/2024","11,103.04","10,984.29","11,157.49","10,951.29","292.95M","1.45%"
"01/25/2024","10,944.50","10,928.01","10,971.30","10,875.79","297.77M","1.58%"
"01/24/2024","10,774.65","10,698.87","10,833.68","10,574.59","241.15M","1.70%"
"01/23/2024","10,594.58","10,665.88","10,820.43","10,566.08","231.52M","0.19%"
"01/22/2024","10,574.62","10,499.60","10,629.87","10,488.15","200.08M","0.69%"
"01/19/2024","10,502.02","10,557.53","10,610.87","10,459.52","181.15M","-0.15%"
"01/18/2024","10,518.04","10,478.27","10,645.66","10,469.40","210.49M","1.00%"
"01/17/2024","10,413.39","10,328.95","10,478.19","10,292.76","171.83M","0.58%"
"01/16/2024","10,353.27","10,398.55","10,427.19","10,291.64","168.65M","-0.09%"
"01/15/2024","10,362.79","10,316.86","10,474.02","10,282.94","165.75M","0.43%"
"01/12/2024","10,318.12","10,321.35","10,454.63","10,139.13","212.12M","0.09%"
"01/11/2024","10,308.76","10,424.35","10,450.15","10,273.47","176.79M","-0.56%"
"01/10/2024","10,367.21","10,170.85","10,412.91","10,102.35","209.46M","2.00%"
"01/09/2024","10,163.88","10,407.36","10,423.74","10,121.19","181.99M","-1.57%"
"01/08/2024","10,325.82","10,284.50","10,425.39","10,283.83","161.40M","0.83%"
"01/05/2024","10,241.11","10,172.78","10,252.99","10,127.93","137.96M","1.25%"
"01/04/2024","10,114.62","9,929.75","10,114.62","9,918.00","166.72M","1.92%"
"01/03/2024","9,923.61","10,102.52","10,132.29","9,886.36","199.65M","-1.33%"
"01/02/2024","10,057.72","9,619.13","10,060.45","9,619.13","178.23M","5.41%"
"12/29/2023","9,541.31","9,460.70","9,573.92","9,358.31","147.77M","1.91%"
"12/28/2023","9,362.71","9,047.12","9,463.88","9,047.12","122.64M","4.03%"
"12/27/2023","8,999.95","9,001.57","9,171.02","8,944.96","119.15M","-0.03%"
"12/26/2023","9,002.76","9,104.18","9,191.42","8,852.19","140.51M","-1.06%"
"12/25/2023","9,099.43","9,578.30","9,578.30","9,042.69","108.02M","-5.17%"
"12/22/2023","9,595.45","9,969.52","10,016.05","9,590.93","115.10M","-3.75%"
"12/21/2023","9,969.48","9,692.82","10,001.70","9,643.05","148.64M","2.62%"
"12/20/2023","9,715.38","10,051.16","10,059.01","9,715.38","166.18M","-3.38%"
"12/19/2023","10,055.48","9,998.40","10,114.39","9,848.50","219.02M","0.55%"
"12/18/2023","10,000.46","10,406.24","10,450.54","10,000.46","249.74M","-3.83%"
"12/15/2023","10,398.87","9,999.36","10,420.09","9,996.73","384.81M","4.16%"
"12/14/2023","9,983.43","9,805.84","10,053.69","9,765.66","271.26M","2.72%"
"12/13/2023","9,719.31","10,061.43","10,061.43","9,719.31","282.21M","-3.43%"
"12/12/2023","10,064.57","10,062.70","10,129.49","9,959.09","236.15M","0.01%"
"12/11/2023","10,063.08","10,234.89","10,234.89","10,042.10","189.83M","-1.66%"
"12/08/2023","10,233.40","10,378.52","10,442.00","10,200.54","186.05M","-1.18%"
"12/07/2023","10,356.11","10,410.97","10,424.09","10,141.88","196.60M","-0.50%"
"12/06/2023","10,407.83","10,872.95","10,887.81","10,407.83","266.67M","-3.85%"
"12/05/2023","10,824.36","10,735.61","10,848.12","10,706.10","265.26M","0.99%"
"12/04/2023","10,717.73","10,703.42","10,787.53","10,611.39","293.83M","0.52%"
"12/01/2023","10,662.38","10,796.03","10,823.53","10,586.12","242.40M","-0.10%"
"11/30/2023","10,673.04","10,546.97","10,723.79","10,508.87","220.03M","0.76%"
"11/29/2023","10,592.92","10,879.13","10,879.19","10,555.50","237.04M","-2.53%"
"11/28/2023","10,868.29","11,023.05","11,111.04","10,818.20","322.32M","-1.16%"
"11/27/2023","10,995.63","10,807.99","11,072.27","10,807.99","313.97M","2.20%"
"11/24/2023","10,758.78","10,677.67","10,811.49","10,498.13","256.55M","0.99%"
"11/23/2023","10,652.89","10,581.14","10,831.24","10,569.91","356.82M","0.48%"
"11/22/2023","10,601.99","10,613.99","10,815.99","10,541.09","349.40M","-0.48%"
"11/21/2023","10,653.17","10,513.91","10,653.17","10,349.41","364.40M","1.56%"
"11/20/2023","10,489.51","10,314.63","10,578.83","10,307.07","337.01M","2.60%"
"11/17/2023","10,223.88","10,068.58","10,300.76","10,029.62","270.84M","1.68%"
"11/16/2023","10,054.58","10,033.61","10,120.50","9,942.77","343.47M","0.72%"
"11/15/2023","9,982.81","10,046.33","10,146.93","9,962.87","211.57M","0.28%"
"11/14/2023","9,954.84","9,959.89","10,044.27","9,868.63","224.99M","1.26%"
"11/13/2023","9,831.30","9,988.51","10,054.55","9,831.30","275.98M","-0.07%"
"11/10/2023","9,838.01","9,815.25","9,961.91","9,747.76","258.82M","0.50%"
"11/09/2023","9,788.61","9,697.85","9,824.23","9,609.05","151.66M","0.15%"
"11/08/2023","9,773.96","9,820.96","9,873.91","9,754.12","208.59M","0.20%"
"11/07/2023","9,754.67","9,944.33","9,955.54","9,700.28","184.69M","-1.51%"
"11/06/2023","9,904.57","9,776.55","9,982.21","9,770.09","179.83M","1.84%"
"11/03/2023","9,725.81","9,675.92","9,799.28","9,605.56","198.42M","-0.08%"
"11/02/2023","9,733.46","9,429.09","9,819.43","9,339.66","160.11M","3.64%"
"11/01/2023","9,391.92","9,624.93","9,678.46","9,142.55","155.76M","-1.68%"
"10/31/2023","9,552.14","9,736.94","9,829.71","9,528.31","154.20M","-1.25%"
"10/30/2023","9,672.97","9,436.22","9,735.66","9,405.55","140.86M","2.31%"
"10/27/2023","9,454.79","9,300.00","9,454.79","9,152.75","100.21M","1.40%"
"10/26/2023","9,324.28","8,995.71","9,380.44","8,771.37","154.87M","4.30%"
"10/25/2023","8,939.96","9,633.92","9,714.52","8,939.96","194.89M","-6.66%"
"10/24/2023","9,578.32","9,289.73","9,588.63","9,256.63","162.40M","3.90%"
"10/23/2023","9,218.39","9,089.80","9,276.95","8,949.59","115.96M","2.91%"
"10/20/2023","8,958.08","9,246.98","9,304.83","8,891.86","164.56M","-3.50%"
"10/19/2023","9,282.77","9,148.49","9,409.51","9,148.49","168.08M","1.51%"
"10/18/2023","9,144.36","9,247.40","9,293.77","9,130.05","131.08M","-1.61%"
"10/17/2023","9,293.71","9,076.56","9,309.44","8,977.47","112.55M","2.53%"
"10/16/2023","9,064.21","9,559.21","9,590.37","9,057.76","136.23M","-4.71%"
"10/13/2023","9,512.07","9,590.44","9,629.28","9,436.74","169.94M","-1.94%"
"10/12/2023","9,700.17","9,743.42","9,918.11","9,500.57","290.36M","-0.39%"
"10/11/2023","9,737.78","10,080.43","10,095.46","9,726.40","177.41M","-2.92%"
"10/10/2023","10,030.31","9,923.05","10,109.06","9,912.26","268.40M","0.59%"
"10/09/2023","9,971.11","9,691.10","10,025.66","9,685.69","362.86M","1.70%"
"10/06/2023","9,804.39","9,608.65","9,820.67","9,587.25","218.86M","-0.58%"
"10/05/2023","9,861.44","9,787.58","9,866.85","9,539.51","231.58M","0.93%"
"10/04/2023","9,770.58","9,773.85","9,846.44","9,709.63","206.51M","-0.72%"
"10/03/2023","9,840.97","9,836.00","9,910.71","9,783.33","192.34M","1.70%"
"10/02/2023","9,676.22","9,485.54","9,715.14","9,485.54","238.12M","2.88%"
"09/29/2023","9,405.18","9,340.19","9,429.67","9,246.31","332.66M","0.85%"
"09/28/2023","9,325.78","9,470.22","9,471.21","9,319.51","263.08M","-1.09%"
"09/27/2023","9,428.20","9,434.61","9,518.67","9,384.07","291.77M","-0.78%"
"09/26/2023","9,502.63","9,861.87","9,861.87","9,462.67","217.29M","-2.82%"
"09/25/2023","9,778.07","9,398.64","9,778.76","9,398.64","214.40M","4.76%"
"09/22/2023","9,334.19","9,084.01","9,369.46","9,001.40","207.00M","3.25%"
"09/21/2023","9,040.60","8,605.76","9,054.88","8,486.59","180.15M","5.09%"
"09/20/2023","8,603.13","8,783.14","8,910.72","8,603.13","144.44M","-1.77%"
"09/19/2023","8,758.04","8,490.71","8,797.43","8,472.37","180.30M","3.51%"
"09/18/2023","8,461.42","8,746.06","8,784.64","8,451.76","179.06M","-3.65%"
"09/15/2023","8,782.24","8,919.77","8,945.48","8,733.56","164.04M","-1.28%"
"09/14/2023","8,896.08","8,803.71","8,896.08","8,498.24","147.08M","1.08%"
"09/13/2023","8,801.03","8,912.39","8,986.00","8,748.64","187.33M","-1.57%"
"09/12/2023","8,941.71","8,838.30","8,987.96","8,685.25","224.02M","1.51%"
"09/11/2023","8,809.01","9,208.42","9,256.92","8,785.88","244.35M","-3.62%"
"09/08/2023","9,139.77","8,997.07","9,173.37","8,939.01","258.06M","1.45%"
"09/07/2023","9,008.84","8,876.29","9,095.15","8,826.85","272.09M","2.00%"
"09/06/2023","8,831.97","8,597.02","8,948.82","8,586.43","375.30M","3.92%"
"09/05/2023","8,498.70","8,412.80","8,498.70","8,311.93","155.02M","1.22%"
"09/04/2023","8,396.41","8,439.44","8,535.49","8,383.30","201.28M","0.31%"
"09/01/2023","8,370.46","8,407.99","8,461.79","8,350.06","186.87M","0.48%"
"08/31/2023","8,330.08","8,230.37","8,420.20","8,230.37","236.47M","2.19%"
"08/29/2023","8,151.80","8,194.13","8,272.56","8,101.44","184.04M","-0.19%"
"08/28/2023","8,167.47","7,976.14","8,202.32","7,976.14","248.45M","3.35%"
"08/25/2023","7,902.83","7,779.82","7,930.27","7,674.33","177.02M","1.23%"
"08/24/2023","7,806.92","7,895.21","8,124.07","7,762.84","265.70M","-0.98%"
"08/23/2023","7,884.35","8,011.59","8,072.00","7,875.28","213.73M","-1.26%"
"08/22/2023","7,985.08","8,061.52","8,078.30","7,936.27","199.94M","-0.79%"
"08/21/2023","8,048.50","7,743.66","8,094.84","7,708.44","187.26M","3.39%"
"08/18/2023","7,784.27","8,009.53","8,056.71","7,715.34","210.38M","-2.59%"
"08/17/2023","7,991.65","7,956.78","8,067.79","7,873.90","214.74M","0.69%"
"08/16/2023","7,937.07","8,049.71","8,081.91","7,925.61","185.25M","-3.31%"
"08/15/2023","8,208.64","8,208.42","8,280.23","8,061.04","177.94M","0.39%"
"08/14/2023","8,177.10","8,312.51","8,421.85","8,140.18","196.94M","-0.31%"
"08/11/2023","8,202.74","7,888.05","8,239.13","7,888.05","197.10M","4.28%"
"08/10/2023","7,866.20","8,097.47","8,277.32","7,797.96","234.48M","-2.41%"
"08/09/2023","8,060.15","7,909.91","8,090.39","7,881.69","179.13M","1.29%"
"08/08/2023","7,957.61","8,100.46","8,108.19","7,926.08","158.44M","-1.14%"
"08/07/2023","8,049.69","8,013.82","8,074.38","7,963.07","203.39M","2.35%"
"08/04/2023","7,864.54","7,810.70","7,902.37","7,719.90","182.86M","0.83%"
"08/03/2023","7,799.85","7,894.44","7,945.39","7,738.19","207.11M","-1.10%"
"08/02/2023","7,886.55","7,646.44","7,886.55","7,608.00","243.03M","3.50%"
"08/01/2023","7,619.84","7,618.51","7,797.64","7,504.47","240.47M","-0.05%"
"07/31/2023","7,623.98","7,579.69","7,705.71","7,574.41","263.11M","0.91%"
"07/28/2023","7,555.58","7,491.26","7,641.05","7,478.69","293.56M","1.23%"
"07/27/2023","7,463.93","7,546.12","7,577.15","7,421.40","249.70M","-0.25%"
"07/26/2023","7,482.96","7,226.27","7,482.96","7,170.24","200.06M","3.54%"
"07/25/2023","7,226.81","7,236.59","7,398.22","7,088.44","233.36M","0.09%"
"07/24/2023","7,220.10","7,271.19","7,403.57","7,150.53","216.13M","-0.34%"
"07/21/2023","7,244.81","7,285.94","7,333.27","7,130.95","184.74M","-0.51%"
"07/20/2023","7,282.22","7,189.66","7,309.76","7,057.21","214.35M","3.39%"
"07/19/2023","7,043.55","6,888.22","7,050.60","6,762.09","215.70M","2.33%"
"07/18/2023","6,882.94","7,240.48","7,354.15","6,876.51","301.49M","-3.73%"
"07/17/2023","7,149.50","6,884.40","7,243.59","6,849.17","239.92M","4.61%"
"07/14/2023","6,834.35","6,797.05","6,914.62","6,650.22","196.49M","1.48%"
"07/13/2023","6,734.36","6,448.54","6,819.25","6,448.54","282.16M","4.36%"
"07/12/2023","6,453.04","6,469.53","6,516.02","6,358.79","184.87M","-0.48%"
"07/11/2023","6,484.29","6,535.85","6,541.45","6,359.85","213.58M","1.71%"
"07/10/2023","6,375.04","6,331.01","6,397.67","6,313.69","179.42M","3.18%"
"07/07/2023","6,178.27","6,094.42","6,227.79","6,088.55","184.87M","1.31%"
"07/06/2023","6,098.18","6,085.33","6,157.00","6,085.08","181.77M","0.68%"
"07/05/2023","6,056.71","5,978.83","6,084.04","5,852.68","221.91M","1.62%"
"07/04/2023","5,960.36","5,882.04","5,967.19","5,804.45","171.61M","2.28%"
"07/03/2023","5,827.21","5,702.53","5,837.80","5,702.53","170.50M","4.08%"
"06/27/2023","5,598.89","5,580.72","5,599.83","5,541.89","49.12M","0.06%"
"06/26/2023","5,595.77","5,447.14","5,600.56","5,443.14","143.06M","3.19%"
"06/23/2023","5,422.69","5,365.04","5,422.69","5,292.87","131.14M","2.58%"
"06/22/2023","5,286.53","5,112.99","5,286.53","5,064.19","122.74M","3.52%"
"06/21/2023","5,106.98","5,142.29","5,217.40","5,073.81","134.62M","-0.37%"
"06/20/2023","5,125.71","5,175.90","5,229.91","5,105.22","138.19M","-0.96%"
"06/19/2023","5,175.50","5,381.03","5,382.43","5,175.50","172.39M","-3.80%"
"06/16/2023","5,379.82","5,396.27","5,474.12","5,377.90","123.01M","0.47%"
"06/15/2023","5,354.74","5,328.13","5,379.00","5,285.92","118.43M","0.94%"
"06/14/2023","5,305.08","5,300.75","5,428.91","5,237.99","137.15M","0.04%"
"06/13/2023","5,302.77","5,495.00","5,495.04","5,290.26","153.52M","-3.12%"
"06/12/2023","5,473.63","5,550.04","5,613.53","5,470.53","149.26M","-0.42%"
"06/09/2023","5,496.97","5,427.83","5,510.32","5,371.32","143.87M","2.03%"
"06/08/2023","5,387.75","5,336.84","5,399.29","5,285.61","129.80M","1.04%"
"06/07/2023","5,332.12","5,281.65","5,354.30","5,258.68","155.67M","2.67%"
"06/06/2023","5,193.28","5,210.74","5,331.40","5,166.77","165.28M","1.17%"
"06/05/2023","5,133.05","5,042.26","5,140.84","5,025.46","117.68M","3.37%"
"06/02/2023","4,965.92","4,929.66","4,994.35","4,918.66","131.20M","2.38%"
"06/01/2023","4,850.36","4,812.55","4,916.49","4,812.55","92.59M","1.38%"
"05/31/2023","4,784.46","4,858.25","4,887.48","4,747.69","108.74M","-1.56%"
"05/30/2023","4,860.14","4,840.97","4,945.56","4,788.44","143.40M","1.90%"
"05/29/2023","4,769.31","4,594.46","4,769.31","4,551.03","106.44M","7.36%"
"05/26/2023","4,442.40","4,211.25","4,465.42","4,205.58","94.11M","5.49%"
"05/25/2023","4,211.25","4,195.96","4,231.89","4,176.09","74.01M","0.46%"
"05/24/2023","4,191.77","4,277.48","4,299.77","4,175.90","76.47M","-2.26%"
"05/23/2023","4,288.60","4,288.42","4,322.77","4,263.88","63.18M","0.00%"
"05/22/2023","4,288.44","4,355.65","4,392.47","4,231.12","63.58M","-1.23%"
"05/18/2023","4,341.90","4,450.36","4,458.81","4,306.29","74.19M","-2.03%"
"05/17/2023","4,431.96","4,333.69","4,455.07","4,332.61","90.19M","2.73%"
"05/16/2023","4,314.05","4,149.03","4,318.85","4,149.03","77.33M","4.02%"
"05/15/2023","4,147.16","4,153.46","4,397.08","4,088.63","88.17M","-1.93%"
"05/12/2023","4,228.70","4,324.22","4,349.15","4,169.29","69.71M","-1.98%"
"05/11/2023","4,314.22","4,051.75","4,343.40","4,051.75","112.85M","6.23%"
"05/10/2023","4,061.12","4,159.02","4,171.42","4,048.32","47.30M","-2.13%"
"05/09/2023","4,149.38","4,258.96","4,299.04","4,141.20","70.57M","-2.57%"
"05/08/2023","4,258.89","4,201.25","4,268.57","4,145.72","52.32M","1.94%"
"05/05/2023","4,177.69","4,275.73","4,294.83","4,156.05","55.12M","-2.07%"
"05/04/2023","4,266.10","4,233.66","4,385.73","4,232.01","63.41M","0.28%"
"05/03/2023","4,254.20","4,381.62","4,395.14","4,128.36","77.24M","-2.79%"
"05/02/2023","4,376.28","4,593.95","4,600.78","4,376.28","74.54M","-4.75%"
"04/28/2023","4,594.32","4,784.28","4,804.44","4,522.02","65.12M","-3.78%"
"04/27/2023","4,774.67","4,832.65","4,885.64","4,771.61","73.03M","-1.14%"
"04/26/2023","4,829.78","4,966.28","4,975.94","4,829.78","80.13M","-2.80%"
"04/25/2023","4,969.15","5,139.36","5,158.45","4,967.17","68.58M","-3.19%"
"04/24/2023","5,133.13","5,150.00","5,225.18","5,132.09","66.71M","0.09%"
"04/20/2023","5,128.67","5,155.66","5,169.30","5,112.06","22.02M","-1.40%"
"04/19/2023","5,201.64","5,147.68","5,245.91","5,081.65","86.00M","1.16%"
"04/18/2023","5,142.01","5,214.15","5,285.46","5,135.33","84.91M","-0.43%"
"04/17/2023","5,163.97","5,257.13","5,272.19","5,163.97","79.97M","-1.37%"
"04/14/2023","5,235.89","5,317.65","5,366.87","5,226.60","81.28M","-1.38%"
"04/13/2023","5,309.08","5,384.52","5,407.23","5,308.62","99.03M","-1.19%"
"04/12/2023","5,373.14","5,293.33","5,392.64","5,292.21","119.98M","1.62%"
"04/11/2023","5,287.27","5,334.86","5,335.39","5,254.59","126.42M","-0.60%"
"04/10/2023","5,319.04","5,186.47","5,333.76","5,186.47","84.09M","3.07%"
"04/07/2023","5,160.82","5,212.14","5,230.68","5,155.28","61.18M","-0.96%"
"04/06/2023","5,210.96","5,139.24","5,215.58","5,139.24","75.40M","1.15%"
"04/05/2023","5,151.58","5,200.11","5,230.41","5,138.99","83.32M","-0.71%"
"04/04/2023","5,188.59","5,055.72","5,188.59","5,037.97","105.09M","2.88%"
"04/03/2023","5,043.16","5,135.50","5,135.50","4,932.64","86.67M","-2.12%"
"03/31/2023","5,152.28","5,261.77","5,261.77","5,150.27","91.67M","-1.52%"
"03/30/2023","5,232.03","5,289.68","5,359.18","5,223.81","95.59M","-1.01%"
"03/29/2023","5,285.50","5,225.08","5,285.50","5,121.90","95.82M","1.02%"
"03/28/2023","5,232.23","5,505.21","5,510.33","5,224.79","91.18M","-4.94%"
"03/27/2023","5,504.21","5,528.54","5,544.20","5,442.65","90.80M","0.25%"
"03/24/2023","5,490.67","5,503.12","5,567.08","5,444.28","111.73M","0.01%"
"03/23/2023","5,489.87","5,389.41","5,489.87","5,366.97","84.89M","1.58%"
"03/22/2023","5,404.28","5,342.38","5,404.28","5,299.25","114.34M","1.84%"
"03/21/2023","5,306.58","5,416.44","5,433.02","5,281.28","145.90M","-2.05%"
"03/20/2023","5,417.59","5,571.43","5,650.83","5,417.56","159.61M","-3.32%"
"03/17/2023","5,603.38","5,589.89","5,640.16","5,556.09","171.77M","0.97%"
"03/16/2023","5,549.36","5,504.75","5,575.46","5,438.06","131.39M","1.49%"
"03/15/2023","5,467.89","5,702.49","5,702.49","5,424.51","178.40M","-3.93%"
"03/14/2023","5,691.68","5,676.31","5,776.28","5,646.20","271.69M","0.38%"
"03/13/2023","5,669.94","5,664.89","5,715.16","5,625.64","139.60M","0.59%"
"03/10/2023","5,636.54","5,705.26","5,755.05","5,634.40","109.36M","-1.67%"
"03/09/2023","5,732.18","5,673.63","5,732.18","5,649.34","124.62M","1.76%"
"03/08/2023","5,633.09","5,542.63","5,636.39","5,515.60","90.29M","1.23%"
"03/07/2023","5,564.78","5,581.72","5,660.28","5,536.66","95.48M","0.52%"
"03/06/2023","5,535.79","5,466.48","5,558.70","5,453.48","83.35M","1.67%"
"03/03/2023","5,444.62","5,476.75","5,528.52","5,263.06","103.85M","-1.24%"
"03/02/2023","5,512.93","5,479.89","5,621.93","5,479.89","127.86M","0.39%"
"03/01/2023","5,491.46","5,520.87","5,540.77","5,474.11","92.10M","1.23%"
"02/28/2023","5,424.56","5,420.04","5,482.64","5,368.49","85.48M","0.16%"
"02/27/2023","5,416.04","5,294.72","5,427.11","5,195.86","83.05M","2.22%"
"02/24/2023","5,298.65","5,357.55","5,367.65","5,280.35","83.71M","-0.92%"
"02/23/2023","5,347.80","5,338.01","5,380.54","5,308.38","79.43M","0.43%"
"02/22/2023","5,325.04","5,292.51","5,404.05","5,249.32","97.28M","0.52%"
"02/21/2023","5,297.42","5,243.93","5,422.91","5,210.19","113.52M","0.57%"
"02/20/2023","5,267.35","5,291.60","5,307.52","5,180.60","80.76M","0.07%"
"02/17/2023","5,263.41","5,237.72","5,340.06","5,169.51","86.55M","-1.18%"
"02/16/2023","5,326.45","5,842.17","5,847.48","5,280.58","137.27M","-3.62%"
"02/15/2023","5,526.49","5,166.13","5,535.65","5,142.06","85.32M","9.28%"
"02/08/2023","5,056.97","4,618.38","5,056.97","4,618.38","","0.00%"
"02/07/2023","5,056.97","5,516.42","5,518.10","5,043.44","113.52M","-9.40%"
"02/06/2023","5,581.52","5,420.32","5,619.76","5,225.23","31.09M","0.48%"
"02/03/2023","5,555.04","5,227.17","5,563.04","5,178.54","124.68M","6.54%"
"02/02/2023","5,214.20","5,253.38","5,358.29","4,889.18","170.73M","-0.59%"
"02/01/2023","5,245.24","5,591.24","5,624.42","5,245.24","103.45M","-6.22%"
"01/31/2023","5,593.27","5,747.01","5,762.52","5,588.80","118.01M","-3.17%"
"01/30/2023","5,776.56","5,916.96","5,931.28","5,776.56","87.07M","-2.25%"
"01/27/2023","5,909.61","5,875.48","5,933.35","5,730.57","141.48M","-0.02%"
"01/26/2023","5,911.04","5,948.78","6,054.80","5,879.95","135.85M","-0.52%"
"01/25/2023","5,942.23","6,058.91","6,058.91","5,710.04","130.35M","-2.01%"
"01/24/2023","6,064.38","5,994.18","6,064.38","5,785.00","148.36M","1.07%"
"01/23/2023","6,000.17","6,206.45","6,222.56","5,938.50","121.93M","-2.76%"
"01/20/2023","6,170.41","6,166.06","6,206.99","6,081.83","99.49M","0.86%"
"01/19/2023","6,117.93","6,117.91","6,194.43","6,057.24","145.63M","-0.60%"
"01/18/2023","6,154.75","6,104.39","6,253.69","6,071.88","200.27M","4.27%"
"01/17/2023","5,902.57","5,835.75","5,942.43","5,791.72","129.72M","1.66%"
"01/16/2023","5,806.21","5,584.04","5,824.27","5,571.85","127.60M","4.50%"
"01/13/2023","5,556.29","5,538.47","5,691.60","5,479.48","154.37M","-0.02%"
"01/12/2023","5,557.31","5,440.23","5,573.07","5,157.98","161.82M","4.72%"
"01/11/2023","5,307.01","5,759.38","5,858.40","5,303.13","149.01M","-7.55%"
"01/10/2023","5,740.29","5,899.18","5,978.69","5,687.27","165.71M","-2.48%"
"01/09/2023","5,886.47","6,270.34","6,302.66","5,819.98","159.10M","-4.53%"
"01/06/2023","6,165.83","5,854.70","6,243.39","5,614.69","209.19M","5.14%"
"01/05/2023","5,864.42","6,450.65","6,481.94","5,864.42","151.18M","-8.64%"
"01/04/2023","6,419.07","6,721.15","6,721.15","6,385.82","153.34M","-4.42%"
"01/03/2023","6,715.82","6,564.59","6,778.90","6,519.82","178.36M","2.66%"
"01/02/2023","6,541.91","6,422.74","6,562.97","6,413.21","151.23M","2.83%"
"12/30/2022","6,362.09","6,174.76","6,404.25","6,170.64","222.60M","3.75%"
"12/29/2022","6,131.97","6,052.83","6,155.63","6,011.45","98.82M","1.21%"
"12/28/2022","6,058.61","6,111.06","6,114.42","5,909.93","141.70M","-0.95%"
"12/27/2022","6,116.94","6,265.17","6,265.17","6,098.71","120.16M","-2.17%"
"12/26/2022","6,252.43","6,159.79","6,266.79","6,148.45","131.88M","2.47%"
"12/23/2022","6,101.90","6,150.74","6,183.40","6,075.67","99.46M","-0.71%"
"12/22/2022","6,145.62","6,224.32","6,265.05","6,108.85","109.26M","-0.87%"
"12/21/2022","6,199.86","6,327.38","6,353.26","6,176.22","152.90M","-1.73%"
"12/20/2022","6,309.06","6,213.20","6,377.35","6,162.92","202.11M","1.63%"
"12/19/2022","6,207.76","6,183.04","6,258.96","6,147.43","147.79M","1.30%"
"12/16/2022","6,127.82","6,142.28","6,180.73","6,056.82","125.89M","0.18%"
"12/15/2022","6,116.74","6,154.99","6,244.93","5,952.51","189.39M","1.82%"
"12/14/2022","6,007.17","6,219.43","6,326.31","5,985.26","227.53M","-3.19%"
"12/13/2022","6,205.27","6,268.63","6,362.13","6,165.24","206.37M","0.23%"
"12/12/2022","6,191.10","5,906.71","6,193.83","5,902.26","223.35M","5.76%"
"12/09/2022","5,854.11","5,687.69","5,903.80","5,662.47","220.48M","3.15%"
"12/08/2022","5,675.60","5,543.22","5,675.60","5,444.11","186.93M","2.29%"
"12/07/2022","5,548.47","5,667.11","5,763.44","5,439.87","222.94M","-0.66%"
"12/06/2022","5,585.30","5,627.16","5,678.05","5,544.39","168.31M","-0.83%"
"12/05/2022","5,631.81","5,543.69","5,668.68","5,434.33","231.41M","2.16%"
"12/02/2022","5,512.91","5,600.62","5,677.56","5,442.71","262.83M","-1.26%"
"12/01/2022","5,583.05","5,691.71","5,708.77","5,565.63","235.82M","-0.88%"
"11/30/2022","5,632.37","5,490.53","5,661.46","5,469.49","249.53M","2.95%"
"11/29/2022","5,471.15","5,485.85","5,499.06","5,338.82","215.22M","0.16%"
"11/28/2022","5,462.67","5,569.45","5,629.57","5,456.11","244.16M","-1.25%"
"11/25/2022","5,531.86","5,362.30","5,533.33","5,341.82","265.65M","3.13%"
"11/24/2022","5,364.13","5,223.79","5,471.43","5,202.82","302.21M","2.83%"
"11/23/2022","5,216.64","5,119.18","5,237.41","5,009.13","254.60M","2.68%"
"11/22/2022","5,080.28","4,999.11","5,089.29","4,985.83","251.98M","2.41%"
"11/21/2022","4,960.64","4,825.55","4,960.64","4,812.70","260.46M","3.49%"
"11/18/2022","4,793.46","4,736.64","4,835.09","4,724.45","241.34M","1.56%"
"11/17/2022","4,719.87","4,778.15","4,832.73","4,524.85","316.35M","-0.96%"
"11/16/2022","4,765.80","4,881.64","4,881.64","4,701.44","281.42M","-1.56%"
"11/15/2022","4,841.33","4,890.86","4,963.99","4,733.49","292.22M","0.44%"
"11/14/2022","4,820.33","4,570.34","4,865.73","4,562.55","311.75M","5.88%"
"11/11/2022","4,552.82","4,532.88","4,643.03","4,520.65","246.94M","1.75%"
"11/10/2022","4,474.66","4,423.54","4,509.23","4,419.01","215.56M","1.24%"
"11/09/2022","4,419.64","4,343.57","4,496.47","4,325.78","304.65M","1.83%"
"11/08/2022","4,340.18","4,366.25","4,411.04","4,306.41","324.44M","0.18%"
"11/07/2022","4,332.50","4,348.46","4,400.48","4,324.86","253.27M","0.44%"
"11/04/2022","4,313.49","4,244.31","4,325.37","4,237.48","251.77M","2.18%"
"11/03/2022","4,221.33","4,287.87","4,318.80","4,216.30","257.03M","-1.48%"
"11/02/2022","4,284.90","4,104.61","4,307.94","4,086.89","346.70M","4.81%"
"11/01/2022","4,088.13","4,034.70","4,095.27","4,024.57","212.93M","1.57%"
"10/31/2022","4,024.87","4,000.97","4,041.65","3,950.07","186.87M","0.87%"
"10/28/2022","3,990.20","4,016.54","4,036.13","3,989.68","58.94M","-1.14%"
"10/27/2022","4,036.14","4,111.20","4,131.24","4,021.63","171.71M","-1.44%"
"10/26/2022","4,095.22","3,956.13","4,095.84","3,956.13","223.35M","3.42%"
"10/25/2022","3,959.79","4,043.66","4,046.29","3,920.41","265.61M","-1.87%"
"10/24/2022","4,035.27","4,062.49","4,138.40","4,006.60","213.67M","-0.23%"
"10/21/2022","4,044.41","4,032.87","4,070.46","3,979.09","220.97M","1.40%"
"10/20/2022","3,988.55","3,988.21","4,009.45","3,954.16","242.51M","1.73%"
"10/19/2022","3,920.81","3,937.31","3,982.59","3,920.81","216.30M","1.04%"
"10/18/2022","3,880.27","3,836.63","3,907.27","3,823.82","264.79M","2.18%"
"10/17/2022","3,797.56","3,704.47","3,818.30","3,696.90","274.86M","4.15%"
"10/14/2022","3,646.07","3,636.57","3,653.12","3,624.15","210.16M","2.12%"
"10/13/2022","3,570.47","3,585.87","3,610.75","3,548.97","168.45M","-0.18%"
"10/12/2022","3,576.73","3,648.59","3,662.29","3,565.88","219.60M","-0.68%"
"10/11/2022","3,601.15","3,621.08","3,623.26","3,575.68","255.51M","-0.20%"
"10/10/2022","3,608.29","3,542.36","3,614.15","3,533.98","231.59M","2.74%"
"10/07/2022","3,511.93","3,494.96","3,542.89","3,486.97","177.07M","0.56%"
"10/06/2022","3,492.33","3,465.34","3,507.08","3,465.34","172.11M","1.45%"
"10/05/2022","3,442.46","3,478.37","3,489.38","3,414.05","186.21M","-0.45%"
"10/04/2022","3,458.15","3,485.41","3,507.92","3,441.45","195.13M","-0.22%"
"10/03/2022","3,465.94","3,307.42","3,471.62","3,305.77","168.66M","5.30%"
"09/30/2022","3,291.48","3,321.44","3,321.44","3,247.74","126.40M","-0.95%"
"09/29/2022","3,323.19","3,281.28","3,376.60","3,221.62","230.66M","2.01%"
"09/28/2022","3,257.72","3,325.71","3,345.77","3,245.90","129.61M","-2.20%"
"09/27/2022","3,331.13","3,368.97","3,402.49","3,324.31","154.15M","-0.83%"
"09/26/2022","3,358.87","3,342.84","3,406.39","3,336.56","165.34M","0.44%"
"09/23/2022","3,344.10","3,388.93","3,393.88","3,337.33","159.06M","-1.23%"
"09/22/2022","3,385.69","3,380.29","3,411.89","3,355.83","163.28M","0.31%"
"09/21/2022","3,375.34","3,352.01","3,444.57","3,321.34","222.51M","0.86%"
"09/20/2022","3,346.47","3,341.57","3,389.73","3,227.94","214.02M","0.45%"
"09/19/2022","3,331.43","3,566.83","3,582.28","3,331.32","184.08M","-6.39%"
"09/16/2022","3,558.73","3,526.42","3,625.62","3,496.63","276.98M","0.88%"
"09/15/2022","3,527.65","3,532.05","3,667.75","3,496.69","443.97M","1.69%"
"09/14/2022","3,469.17","3,261.05","3,469.17","3,180.80","279.25M","5.52%"
"09/13/2022","3,287.67","3,565.25","3,580.54","3,287.67","419.41M","-5.24%"
"09/12/2022","3,469.62","3,340.85","3,477.76","3,309.72","334.52M","5.39%"
"09/09/2022","3,292.04","3,225.87","3,319.16","3,224.27","220.01M","2.71%"
"09/08/2022","3,205.28","3,259.96","3,318.98","3,187.65","251.15M","-0.90%"
"09/07/2022","3,234.51","3,222.40","3,270.67","3,207.09","221.36M","0.61%"
"09/06/2022","3,214.81","3,282.43","3,313.84","3,177.09","321.14M","-1.40%"
"09/05/2022","3,260.59","3,195.41","3,285.22","3,192.61","293.00M","2.68%"
"09/02/2022","3,175.36","3,102.13","3,185.47","3,101.35","245.32M","2.66%"
"09/01/2022","3,093.22","3,093.68","3,120.20","3,050.42","172.66M","-0.27%"
"08/31/2022","3,101.69","3,134.03","3,146.03","3,100.38","179.80M","-0.58%"
"08/29/2022","3,119.70","3,153.45","3,166.39","3,108.41","259.09M","-1.06%"
"08/26/2022","3,153.02","3,151.12","3,219.63","3,121.78","340.03M","0.42%"
"08/25/2022","3,139.91","3,082.36","3,147.98","3,077.64","221.08M","2.18%"
"08/24/2022","3,073.02","3,129.43","3,141.21","3,069.39","233.84M","-1.19%"
"08/23/2022","3,110.00","3,101.77","3,144.37","3,101.27","234.43M","0.54%"
"08/22/2022","3,093.26","3,069.17","3,103.64","3,054.04","209.77M","0.91%"
"08/19/2022","3,065.29","3,107.52","3,112.02","3,046.35","211.04M","-1.11%"
"08/18/2022","3,099.66","3,054.66","3,101.81","2,999.68","289.23M","2.13%"
"08/17/2022","3,035.13","3,013.00","3,039.53","3,002.52","190.02M","1.27%"
"08/16/2022","2,997.06","3,046.72","3,049.61","2,913.82","201.52M","-1.29%"
"08/15/2022","3,036.21","3,057.50","3,068.43","3,029.18","283.54M","-0.09%"
"08/12/2022","3,038.93","3,016.63","3,055.32","2,995.68","166.14M","1.27%"
"08/11/2022","3,000.71","3,012.25","3,030.01","2,988.65","225.22M","0.27%"
"08/10/2022","2,992.67","2,985.82","2,995.80","2,970.79","193.13M","0.13%"
"08/09/2022","2,988.79","2,998.65","3,015.73","2,967.46","384.90M","0.15%"
"08/08/2022","2,984.28","2,946.81","2,988.89","2,946.81","173.97M","1.87%"
"08/05/2022","2,929.50","2,918.57","2,937.28","2,908.32","283.16M","0.94%"
"08/04/2022","2,902.22","2,907.23","2,912.49","2,895.74","156.51M","0.86%"
"08/03/2022","2,877.58","2,846.05","2,887.78","2,846.05","106.99M","1.40%"
"08/02/2022","2,837.73","2,878.45","2,878.45","2,832.38","133.56M","-1.34%"
"08/01/2022","2,876.18","2,828.12","2,876.18","2,828.12","110.40M","2.09%"
"07/29/2022","2,817.27","2,812.56","2,821.13","2,792.34","88.53M","0.42%"
"07/28/2022","2,805.38","2,846.45","2,850.85","2,799.37","95.45M","-0.78%"
"07/27/2022","2,827.42","2,827.29","2,849.04","2,822.33","90.88M","0.23%"
"07/26/2022","2,820.95","2,847.86","2,851.68","2,818.19","80.92M","-0.73%"
"07/25/2022","2,841.67","2,816.85","2,850.27","2,816.09","88.33M","1.00%"
"07/22/2022","2,813.61","2,815.93","2,834.27","2,803.80","130.56M","0.25%"
"07/21/2022","2,806.73","2,805.71","2,823.05","2,799.16","133.58M","0.26%"
"07/20/2022","2,799.45","2,818.28","2,824.31","2,796.31","96.39M","-0.28%"
"07/19/2022","2,807.45","2,784.77","2,807.45","2,771.66","142.28M","0.71%"
"07/18/2022","2,787.74","2,767.57","2,797.62","2,756.31","99.10M","1.73%"
"07/14/2022","2,740.34","2,771.58","2,775.59","2,735.80","78.14M","-0.87%"
"07/13/2022","2,764.47","2,763.17","2,783.53","2,750.59","90.74M","0.49%"
"07/08/2022","2,750.99","2,725.39","2,753.16","2,716.84","29.27M","1.02%"
"07/07/2022","2,723.13","2,713.93","2,731.08","2,701.57","62.69M","0.45%"
"07/06/2022","2,710.90","2,658.11","2,711.98","2,649.65","88.57M","2.52%"
"07/05/2022","2,644.22","2,731.16","2,745.79","2,641.15","98.92M","-2.51%"
"07/04/2022","2,712.27","2,773.73","2,786.89","2,709.31","122.40M","-1.90%"
"07/01/2022","2,764.76","2,759.65","2,792.64","2,759.65","110.98M","0.34%"
"06/30/2022","2,755.37","2,743.70","2,780.10","2,703.73","135.96M","0.37%"
"06/29/2022","2,745.17","2,857.12","2,859.24","2,741.34","201.09M","-2.26%"
"06/28/2022","2,808.76","2,885.55","2,886.55","2,789.55","186.27M","-1.90%"
"06/27/2022","2,863.18","2,850.05","2,882.32","2,832.36","155.71M","-1.41%"
"06/24/2022","2,904.03","2,834.66","2,922.12","2,834.66","233.30M","2.98%"
"06/23/2022","2,819.92","2,854.93","2,871.18","2,814.63","100.46M","-1.02%"
"06/22/2022","2,848.88","2,869.73","2,891.03","2,847.41","104.23M","-1.11%"
"06/21/2022","2,880.81","2,868.79","2,894.40","2,864.09","106.47M","0.88%"
"06/20/2022","2,855.70","2,833.59","2,866.61","2,828.08","126.20M","1.27%"
"06/17/2022","2,819.89","2,776.76","2,830.83","2,776.76","99.12M","1.77%"
"06/16/2022","2,770.87","2,845.25","2,863.30","2,756.74","138.20M","-2.47%"
"06/15/2022","2,840.95","2,887.87","2,898.71","2,832.23","129.64M","-0.38%"
"06/14/2022","2,851.90","2,802.41","2,858.83","2,802.41","229.30M","2.77%"
"06/13/2022","2,774.98","2,780.54","2,806.86","2,754.20","160.11M","0.02%"
"06/10/2022","2,774.38","2,797.67","2,829.41","2,759.78","167.96M","-1.37%"
"06/09/2022","2,812.80","2,806.48","2,828.79","2,773.43","229.68M","0.21%"
"06/08/2022","2,806.93","2,945.65","2,949.36","2,785.99","243.08M","-4.31%"
"06/07/2022","2,933.42","2,961.22","2,967.98","2,924.10","223.52M","-0.81%"
"06/06/2022","2,957.34","2,926.40","2,975.96","2,926.40","213.94M","1.66%"
"06/03/2022","2,909.08","2,978.90","3,014.42","2,909.08","105.73M","-2.19%"
"06/02/2022","2,974.27","2,983.17","3,013.69","2,960.36","123.78M","0.50%"
"06/01/2022","2,959.58","2,895.19","2,962.29","2,895.19","116.77M","2.66%"
"05/31/2022","2,882.84","2,871.33","2,891.10","2,854.73","121.96M","0.82%"
"05/30/2022","2,859.36","2,797.65","2,869.49","2,797.65","149.26M","3.16%"
"05/27/2022","2,771.84","2,807.13","2,823.65","2,766.65","92.97M","-0.98%"
"05/26/2022","2,799.30","2,758.72","2,805.94","2,754.74","136.97M","1.74%"
"05/25/2022","2,751.47","2,706.95","2,774.32","2,706.95","143.46M","1.70%"
"05/24/2022","2,705.48","2,743.43","2,746.98","2,704.45","105.22M","-0.81%"
"05/23/2022","2,727.50","2,714.26","2,762.65","2,706.08","194.08M","1.23%"
"05/20/2022","2,694.29","2,727.74","2,738.08","2,677.02","270.52M","-0.03%"
"05/18/2022","2,695.02","2,705.28","2,727.10","2,689.60","175.58M","-0.42%"
"05/17/2022","2,706.49","2,722.62","2,734.68","2,698.66","166.67M","0.40%"
"05/16/2022","2,695.76","2,706.30","2,726.61","2,695.17","170.71M","-0.07%"
"05/13/2022","2,697.72","2,683.59","2,721.47","2,682.81","113.20M","1.60%"
"05/12/2022","2,655.25","2,717.01","2,722.80","2,639.90","184.54M","-3.03%"
"05/11/2022","2,738.14","2,787.91","2,789.89","2,723.82","183.38M","-1.55%"
"05/10/2022","2,781.30","2,769.07","2,788.23","2,751.22","155.52M","1.06%"
"05/09/2022","2,752.05","2,779.03","2,791.29","2,748.44","110.13M","-0.91%"
"05/06/2022","2,777.37","2,796.19","2,796.19","2,763.19","122.37M","-1.15%"
"05/05/2022","2,809.61","2,811.65","2,833.73","2,802.34","111.35M","1.00%"
"04/29/2022","2,781.92","2,807.21","2,807.77","2,763.99","118.67M","-0.01%"
"04/28/2022","2,782.25","2,807.37","2,834.18","2,777.94","90.12M","-0.21%"
"04/27/2022","2,788.14","2,802.72","2,817.97","2,760.12","111.19M","-0.98%"
"04/26/2022","2,815.81","2,947.18","2,959.98","2,795.69","119.37M","-3.76%"
"04/25/2022","2,925.87","2,913.82","2,945.44","2,860.75","111.75M","-0.32%"
"04/22/2022","2,935.27","3,055.94","3,071.20","2,928.44","217.43M","-4.20%"
"04/21/2022","3,064.00","3,009.72","3,064.00","3,009.72","216.19M","2.07%"
"04/20/2022","3,001.79","3,006.63","3,018.91","2,979.38","197.33M","0.26%"
"04/19/2022","2,994.04","3,048.51","3,051.92","2,968.76","176.66M","-0.83%"
"04/18/2022","3,018.97","2,996.21","3,031.31","2,981.88","157.97M","1.13%"
"04/15/2022","2,985.20","3,000.76","3,000.76","2,981.85","90.59M","-0.36%"
"04/14/2022","2,996.05","3,008.39","3,014.29","2,985.15","105.45M","0.31%"
"04/13/2022","2,986.79","3,016.01","3,063.14","2,955.95","197.05M","-0.37%"
"04/12/2022","2,997.84","3,001.17","3,021.14","2,966.79","138.34M","-0.29%"
"04/11/2022","3,006.62","2,994.03","3,041.23","2,985.97","192.75M","0.72%"
"04/08/2022","2,985.05","2,931.81","3,005.03","2,908.42","215.40M","3.19%"
"04/07/2022","2,892.71","2,909.00","2,917.08","2,874.83","154.50M","1.47%"
"04/06/2022","2,850.80","2,904.97","2,907.21","2,849.46","138.26M","-1.41%"
"04/05/2022","2,891.67","2,875.44","2,906.35","2,853.42","201.94M","1.29%"
"04/04/2022","2,854.76","2,827.20","2,865.43","2,827.20","157.61M","1.34%"